{
  "assetsByChunkName": {
    "vendors~app-account~app-checkout~app-confirmation~app-order": "chunk.aa9f11b7ddc3b28ecedf.js",
    "vendors~app-account~app-confirmation~app-order": "chunk.3693bc3989b8de364021.js",
    "vendors~app-account~app-checkout": "chunk.31eb4d3d1ee05ecd4d4c.js",
    "vendors~app-cart~app-checkout": "chunk.88d237e664309f984780.js",
    "admin": [
      "admin.3572251a3d6640341a05.js",
      "admin.3572251a3d6640341a05.js.map"
    ],
    "app-account": "chunk.444f1f8ca754b1c2d6d3.js",
    "app-checkout": "chunk.a74d12499989662fca2b.js",
    "app-confirmation": "chunk.43ed0b36d0c086a9115d.js",
    "app-order": "chunk.f22befc1727cd074fed1.js",
    "checkout": [
      "checkout.b3264819f96d72fe4479.js",
      "checkout.b3264819f96d72fe4479.js.map"
    ],
    "storefront": [
      "storefront.d6186aa60178c5400667.css",
      "storefront.de946fe60e16dab102c3.js",
      "storefront.d6186aa60178c5400667.css.map",
      "storefront.de946fe60e16dab102c3.js.map"
    ],
    "vendors~app-cart": "chunk.b51c03c2e0d7c250ffdb.js"
  }
}